<?xml version="1.0" encoding="UTF-8"?>
<usagedata>
<month val="feb 2004" total="178">
<item str="Microsoft Internet Explorer 6.0" cnt="160" />
<item str="Netscape Navigator 4.0" cnt="5" />
<item str="Microsoft Internet Explorer 5.0" cnt="3" />
<item str="FAST-WebCrawler 3.8" cnt="2" />
<item str="msnbot 0.1" cnt="1" />
<item str="Netscape 7.0" cnt="1" />
<item str="Yahoo! Slurp" cnt="1" />
<item str="Googlebot 2.1" cnt="1" />
<item str="ia_archiver" cnt="1" />
<item str="Ask Jeeves Teoma" cnt="1" />
<item str="Netscape Navigator 5.0" cnt="1" />
<item str="Microsoft Internet Explorer 5.5" cnt="1" />
</month>
<month val="mar 2004" total="180">
<item str="Microsoft Internet Explorer 6.0" cnt="146" />
<item str="Microsoft Internet Explorer 5.5" cnt="10" />
<item str="Microsoft Internet Explorer 5.0" cnt="8" />
<item str="Yahoo! Slurp" cnt="3" />
<item str="Netscape Navigator 4.0" cnt="2" />
<item str="FAST-WebCrawler 3.8" cnt="2" />
<item str="Microsoft Internet Explorer 5.2" cnt="1" />
<item str="Camino 0.7" cnt="1" />
<item str="Googlebot 2.1" cnt="1" />
<item str="AppleWebKit 124" cnt="1" />
<item str="Zao 0.2" cnt="1" />
<item str="ia_archiver" cnt="1" />
<item str="Netscape Navigator 3.0" cnt="1" />
<item str="NPBot " cnt="1" />
<item str="Ask Jeeves Teoma" cnt="1" />
</month>
<month val="may 2004" total="1410">
<item str="Microsoft Internet Explorer 6.0" cnt="980" />
<item str="Microsoft Internet Explorer 5.0" cnt="84" />
<item str="Yahoo! Slurp" cnt="82" />
<item str="Googlebot 2.1" cnt="58" />
<item str="Microsoft Internet Explorer 5.5" cnt="56" />
<item str="msnbot 0.1" cnt="24" />
<item str="ia_archiver" cnt="22" />
<item str="Ask Jeeves Teoma" cnt="16" />
<item str="Netscape Navigator 4.0" cnt="16" />
<item str="Netscape 7.1" cnt="15" />
<item str="AOL 7.0" cnt="5" />
<item str="TurnitinBot 2.0" cnt="4" />
<item str="Intelliseek" cnt="4" />
<item str="CS 2000 7.0 7.0" cnt="3" />
<item str="AppleWebKit 124" cnt="2" />
<item str="FAST-WebCrawler 3.8" cnt="1" />
<item str="Netscape Navigator 3.0" cnt="1" />
<item str="http: /www.almaden.ibm.com/cs/crawler   [c01]" cnt="1" />
</month>
<month val="jun 2004" total="831">
<item str="Microsoft Internet Explorer 6.0" cnt="591" />
<item str="msnbot 0.1" cnt="76" />
<item str="Googlebot 2.1" cnt="56" />
<item str="Yahoo! Slurp" cnt="21" />
<item str="Microsoft Internet Explorer 5.0" cnt="16" />
<item str="ia_archiver" cnt="15" />
<item str="Openbot 3.0" cnt="14" />
<item str="TurnitinBot 2.0" cnt="14" />
<item str="Netscape Navigator 4.0" cnt="9" />
<item str="Microsoft Internet Explorer 5.5" cnt="7" />
<item str="Netscape 7.1" cnt="6" />
<item str="Microsoft Internet Explorer 5.2" cnt="2" />
<item str="FAST-WebCrawler 3.8" cnt="1" />
<item str="NPBot " cnt="1" />
<item str="Gigabot 1.0" cnt="1" />
<item str="Ask Jeeves Teoma" cnt="1" />
</month>
<month val="jul 2004" total="141">
<item str="Microsoft Internet Explorer 6.0" cnt="57" />
<item str="msnbot 0.1" cnt="34" />
<item str="Googlebot 2.1" cnt="15" />
<item str="Microsoft Internet Explorer 5.5" cnt="9" />
<item str="Ask Jeeves Teoma" cnt="7" />
<item str="AppleWebKit 103" cnt="6" />
<item str="Yahoo! Slurp" cnt="5" />
<item str="Netscape Navigator 4.7" cnt="2" />
<item str="Microsoft Internet Explorer 4.0" cnt="2" />
<item str="Gigabot 1.0" cnt="1" />
<item str="FAST-WebCrawler 3.8" cnt="1" />
<item str="Netscape Navigator 4.0" cnt="1" />
<item str="http: /www.almaden.ibm.com/cs/crawler   [c01]" cnt="1" />
</month>
</usagedata>
