<?xml version="1.0" encoding="UTF-8"?>
<usagedata>
<month val="feb 2004" total="1518">
<item str="CSStuSurvey.asp" cnt="264" />
<item str="prelimannounce.htm" cnt="167" />
<item str="index.htm" cnt="163" />
<item str="TOCPreReg.htm" cnt="158" />
<item str="BannerPreReg.htm" cnt="153" />
<item str="12thGrade.asp" cnt="73" />
<item str="07thGrade.asp" cnt="72" />
<item str="09thGrade.asp" cnt="69" />
<item str="SummerCrsPreReg2004.asp" cnt="56" />
<item str="10thGrade.asp" cnt="45" />
<item str="ses.asp" cnt="43" />
<item str="11thGrade.asp" cnt="42" />
<item str="DeptChairs2004-2005.htm" cnt="38" />
<item str="Guidance2004-2005.htm" cnt="28" />
<item str="08thGrade.htm" cnt="27" />
<item str="Scheduling Process2004-2005.htm" cnt="24" />
<item str="database1_interface/Results/submission_form.asp" cnt="18" />
<item str="index.html" cnt="15" />
<item str="database1_interface/Results/results_page.asp" cnt="11" />
<item str="12thGrade_interface/Results/submission_form.asp" cnt="10" />
<item str="SummerCrsPreReg2002.asp" cnt="9" />
<item str="12thGrade_interface/Results/editor/list.asp" cnt="5" />
<item str="12thGrade_interface/Results/editor/detail.asp" cnt="4" />
<item str="Form07.asp" cnt="4" />
<item str="12thGrade_interface/Results/editor/database_editor.asp" cnt="4" />
</month>
<month val="mar 2004" total="1142">
<item str="index.htm" cnt="174" />
<item str="prelimannounce.htm" cnt="165" />
<item str="BannerPreReg.htm" cnt="163" />
<item str="TOCPreReg.htm" cnt="162" />
<item str="09thGrade.asp" cnt="89" />
<item str="10thGrade.asp" cnt="67" />
<item str="11thGrade.asp" cnt="57" />
<item str="Scheduling Process2004-2005.htm" cnt="52" />
<item str="12thGrade.asp" cnt="49" />
<item str="SummerCrsPreReg2004.asp" cnt="36" />
<item str="Guidance2004-2005.htm" cnt="30" />
<item str="08thGrade.htm" cnt="20" />
<item str="DeptChairs2004-2005.htm" cnt="19" />
<item str="07thGrade.asp" cnt="16" />
<item str="Form10.asp" cnt="10" />
<item str="Form09.asp" cnt="10" />
<item str="Form11.asp" cnt="9" />
<item str="SummerCrsPreReg2002.asp" cnt="5" />
<item str="FormSUMMER.asp" cnt="4" />
<item str="Form12.asp" cnt="3" />
<item str="PreRegHome.htm" cnt="2" />
</month>
<month val="may 2004" total="1410">
<item str="BookOrderForm.asp" cnt="136" />
<item str="BkOrFORM.asp" cnt="130" />
<item str="BkOrBanner.htm" cnt="125" />
<item str="Bookorders.htm" cnt="123" />
<item str="prelimannounce.htm" cnt="114" />
<item str="BkOrInstructions.htm" cnt="114" />
<item str="index.htm" cnt="114" />
<item str="BannerPreReg.htm" cnt="112" />
<item str="TOCPreReg.htm" cnt="107" />
<item str="09thGrade.asp" cnt="62" />
<item str="12thGrade.asp" cnt="36" />
<item str="11thGrade.asp" cnt="34" />
<item str="DeptChairs2004-2005.htm" cnt="29" />
<item str="10thGrade.asp" cnt="29" />
<item str="07thGrade.asp" cnt="27" />
<item str="SummerCrsPreReg2004.asp" cnt="26" />
<item str="Guidance2004-2005.htm" cnt="25" />
<item str="Scheduling Process2004-2005.htm" cnt="24" />
<item str="08thGrade.htm" cnt="21" />
<item str="CSStuSurvey.asp" cnt="13" />
<item str="PreRegHome.htm" cnt="7" />
<item str="index.html" cnt="1" />
<item str="SummerCrsPreReg2002.asp" cnt="1" />
</month>
<month val="jun 2004" total="831">
<item str="CSStuSurvey.asp" cnt="141" />
<item str="BkOrFORM.asp" cnt="141" />
<item str="prelimannounce.htm" cnt="57" />
<item str="index.htm" cnt="56" />
<item str="TOCPreReg.htm" cnt="50" />
<item str="BannerPreReg.htm" cnt="46" />
<item str="SummerCrsPreReg2004.asp" cnt="41" />
<item str="BookOrderForm.asp" cnt="32" />
<item str="09thGrade.asp" cnt="30" />
<item str="Guidance2004-2005.htm" cnt="27" />
<item str="DeptChairs2004-2005.htm" cnt="25" />
<item str="11thGrade.asp" cnt="25" />
<item str="BkOrInstructions.htm" cnt="22" />
<item str="Bookorders.htm" cnt="22" />
<item str="BkOrBanner.htm" cnt="22" />
<item str="10thGrade.asp" cnt="22" />
<item str="12thGrade.asp" cnt="21" />
<item str="Scheduling Process2004-2005.htm" cnt="17" />
<item str="07thGrade.asp" cnt="13" />
<item str="08thGrade.htm" cnt="8" />
<item str="PreRegHome.htm" cnt="7" />
<item str="SummerCrsPreReg2002.asp" cnt="4" />
<item str="index.html" cnt="2" />
</month>
<month val="jul 2004" total="141">
<item str="prelimannounce.htm" cnt="19" />
<item str="index.htm" cnt="17" />
<item str="BannerPreReg.htm" cnt="15" />
<item str="TOCPreReg.htm" cnt="14" />
<item str="10thGrade.asp" cnt="11" />
<item str="09thGrade.asp" cnt="10" />
<item str="07thGrade.asp" cnt="8" />
<item str="Guidance2004-2005.htm" cnt="8" />
<item str="Scheduling Process2004-2005.htm" cnt="7" />
<item str="12thGrade.asp" cnt="7" />
<item str="08thGrade.htm" cnt="7" />
<item str="SummerCrsPreReg2004.asp" cnt="6" />
<item str="DeptChairs2004-2005.htm" cnt="5" />
<item str="11thGrade.asp" cnt="4" />
<item str="SummerCrsPreReg2002.asp" cnt="1" />
<item str="index.html" cnt="1" />
<item str="PreRegHome.htm" cnt="1" />
</month>
</usagedata>
