<?xml version="1.0" encoding="UTF-8"?>
<usagedata>
<month val="mar 2004" total="4">
<item str="http://delbarton.org/crsprereg/TOCPreReg.htm" cnt="3" />
<item str="http://delbarton.org/crsprereg/prelimannounce.htm" cnt="1" />
</month>
<month val="may 2004" total="987">
<item str="http://delbarton.org/crsprereg/Bookorders.htm" cnt="339" />
<item str="http://delbarton.org/crsprereg/BookOrderForm.asp" cnt="116" />
<item str="http://www.delbarton.org/CrsPreReg/index.htm" cnt="90" />
<item str="http://delbarton.org/crsprereg/" cnt="81" />
<item str="http://delbarton.org/crsprereg/TOCPreReg.htm" cnt="66" />
<item str="http://www.delbarton.org/CrsPreReg/TOCPreReg.htm" cnt="36" />
<item str="http://www.delbarton.org/OnCampus/Academics/ac_academics.html" cnt="25" />
<item str="http://www.delbarton.com/CrsPreReg/index.htm" cnt="18" />
<item str="http://www.delbarton.org/OnCampus/oncampus.html" cnt="16" />
<item str="http://delbarton.com/CrsPreReg/index.htm" cnt="15" />
<item str="http://www.delbarton.org/Crsprereg/BookOrders.htm" cnt="13" />
<item str="http://www.delbarton.org/crsprereg/BookOrderForm.asp" cnt="12" />
<item str="http://www.delbarton.org/crsprereg/" cnt="9" />
<item str="http://delbarton.org/CrsPreReg/index.htm" cnt="9" />
<item str="http://www.delbarton.com/CrsPreReg/TOCPreReg.htm" cnt="8" />
<item str="http://www.delbarton.com/OnCampus/Academics/ac_academics.html" cnt="6" />
<item str="http://www.delbarton.org/CrsPreReg/CSStuSurvey.asp" cnt="6" />
<item str="http://www.delbarton.org/CrsPreReg/Bookorders.htm" cnt="6" />
<item str="http://www.delbarton.org/CrsPreReg/prelimannounce.htm" cnt="6" />
<item str="http://www.delbarton.com/OnCampus/oncampus.html" cnt="6" />
<item str="http://delbarton.com/OnCampus/Academics/ac_academics.html" cnt="5" />
<item str="http://delbarton.com/CrsPreReg/TOCPreReg.htm" cnt="4" />
<item str="http://delbarton.org/crsprereg/prelimannounce.htm" cnt="4" />
<item str="http://delbarton.org/CrsPreReg/TOCPreReg.htm" cnt="4" />
<item str="http://delbarton.org\crsprereg\bookorders.htm" cnt="3" />
</month>
<month val="jun 2004" total="490">
<item str="http://delbarton.org/crsprereg/BookOrderForm.asp" cnt="140" />
<item str="http://delbarton.org/crsprereg/Bookorders.htm" cnt="70" />
<item str="http://delbarton.org/crsprereg/" cnt="51" />
<item str="http://www.delbarton.org/CrsPreReg/CSStuSurvey.asp" cnt="40" />
<item str="http://delbarton.org/crsprereg/TOCPreReg.htm" cnt="37" />
<item str="http://www.delbarton.org/crsprereg/CsStuSurvey.asp" cnt="27" />
<item str="http://www.delbarton.org/CrsPreReg/index.htm" cnt="11" />
<item str="http://www.delbarton.org/CrsPreReg/TOCPreReg.htm" cnt="10" />
<item str="http://www.delbarton.org/OnCampus/oncampus.html" cnt="10" />
<item str="http://www.delbarton.org/crsprereg/" cnt="9" />
<item str="http://www.delbarton.org/crsprereg/CSStuSurvey.asp" cnt="7" />
<item str="http://delbarton.org/crsprereg/index.htm" cnt="6" />
<item str="http://www.delbarton.org/OnCampus/Academics/ac_academics.html" cnt="5" />
<item str="http://www.delbarton.com/CrsPreReg/index.htm" cnt="4" />
<item str="http://delbarton.org/crsprereg/bookorders.htm" cnt="3" />
<item str="http://www.delbarton.com/OnCampus/oncampus.html" cnt="3" />
<item str="http://www.delbarton.com/CrsPreReg/TOCPreReg.htm" cnt="3" />
<item str="http://www.delbarton.org/CrsPreReg/Bookorders.htm" cnt="3" />
<item str="http://www.google.com/search?hl=en&amp;ie=UTF-8&amp;q=TAKE+9TH+GRADE+ALGEBRA+TEST&amp;spell=1" cnt="2" />
<item str="http://www.google.com/search?q=algebra+2,+summer,+nj&amp;hl=en&amp;lr=&amp;ie=UTF-8&amp;start=50&amp;sa=N" cnt="2" />
<item str="http://www.delbarton.org/CrsPreReg/PreLimAnnounce.htm" cnt="2" />
<item str="http://delbarton.org/OnCampus/oncampus.html" cnt="2" />
<item str="http://delbarton.org/crsprereg/prelimannounce.htm" cnt="2" />
<item str="http://www.delbarton.com/OnCampus/Academics/ac_academics.html" cnt="1" />
<item str="http://www.google.com.do/search?hl=en&amp;ie=UTF-8&amp;q=physics+11th+grade" cnt="1" />
</month>
<month val="jul 2004" total="59">
<item str="http://delbarton.org/crsprereg/" cnt="18" />
<item str="http://delbarton.org/crsprereg/TOCPreReg.htm" cnt="9" />
<item str="http://www.delbarton.com/CrsPreReg/TOCPreReg.htm" cnt="7" />
<item str="http://www.delbarton.com/CrsPreReg/index.htm" cnt="6" />
<item str="http://www.delbarton.org/OnCampus/oncampus.html" cnt="5" />
<item str="http://delbarton.org/CrsPreReg/index.htm" cnt="3" />
<item str="http://www.delbarton.com/OnCampus/Academics/ac_academics.html" cnt="2" />
<item str="http://images.google.com/imgres?imgurl=http://www.delbarton.org/crsprereg/images/DelLogo.GIF&amp;imgrefurl=http://www.delbarton.org/crsprereg/PreRegHome.htm&amp;h=197&amp;w=195&amp;sz=30&amp;tbnid=tdfEftHdecYJ:&amp;tbnh=97&amp;tbnw=97&amp;start=1&amp;prev=/images%3Fq%3Ddelbarton%2Blogo%26hl%3Den%26lr%3D%26ie%3DUTF-8" cnt="1" />
<item str="http://delbarton.org/OnCampus/Academics/ac_academics.html" cnt="1" />
<item str="http://delbarton.org/crsprereg/prelimannounce.htm" cnt="1" />
<item str="http://www.google.com/search?hl=en&amp;ie=UTF-8&amp;q=9th+grade+algebra+II+" cnt="1" />
<item str="http://www.google.com/search?hl=en&amp;ie=UTF-8&amp;q=chemistry+for+10th+grade" cnt="1" />
<item str="http://delbarton.org/CrsPreReg/TOCPreReg.htm" cnt="1" />
<item str="http://www.google.com/search?hl=en&amp;ie=UTF-8&amp;q=Chemistry+For+10th+Grade" cnt="1" />
<item str="http://www.google.com/search?sourceid=navclient&amp;q=delbarton++test+7th+grade" cnt="1" />
<item str="http://www.delbarton.com/OnCampus/oncampus.html" cnt="1" />
</month>
</usagedata>
