<?xml version="1.0" encoding="UTF-8"?>
<usagedata>
<month val="mar 2004" total="4">
<item str="delbarton.org" cnt="4" />
</month>
<month val="may 2004" total="987">
<item str="delbarton.org" cnt="625" />
<item str="www.delbarton.org" cnt="245" />
<item str="www.delbarton.com" cnt="38" />
<item str="www.google.com" cnt="27" />
<item str="delbarton.com" cnt="27" />
<item str="images.google.com" cnt="6" />
<item str="aolsearch.aol.com" cnt="6" />
<item str="images.search.yahoo.com" cnt="3" />
<item str="delbarton.org\crsprereg\bookorders.htm" cnt="3" />
<item str="www.google.de" cnt="2" />
<item str="www.google.com.vn" cnt="1" />
<item str="www.google.co.kr" cnt="1" />
<item str="www.google.com.br" cnt="1" />
<item str="www.google.co.in" cnt="1" />
<item str="www.google.com.au" cnt="1" />
</month>
<month val="jun 2004" total="490">
<item str="delbarton.org" cnt="312" />
<item str="www.delbarton.org" cnt="127" />
<item str="www.google.com" cnt="26" />
<item str="www.delbarton.com" cnt="11" />
<item str="images.google.com" cnt="3" />
<item str="aolsearch.aol.com" cnt="3" />
<item str="search.netscape.com" cnt="2" />
<item str="www.google.ca" cnt="1" />
<item str="myway.mywebsearch.com" cnt="1" />
<item str="kd.mysearch.myway.com" cnt="1" />
<item str="www.google.co.in" cnt="1" />
<item str="www.google.com.do" cnt="1" />
<item str="www.dogpile.com" cnt="1" />
</month>
<month val="jul 2004" total="59">
<item str="delbarton.org" cnt="33" />
<item str="www.delbarton.com" cnt="16" />
<item str="www.delbarton.org" cnt="5" />
<item str="www.google.com" cnt="4" />
<item str="images.google.com" cnt="1" />
</month>
</usagedata>
