<?xml version="1.0" encoding="UTF-8"?>
<usagedata>
<month val="feb 2004" total="178">
<item str="Windows 2000" cnt="164" />
<item str="Windows 98" cnt="4" />
<item str="crawler at trd dot overture dot com" cnt="2" />
<item str="compatible" cnt="1" />
<item str="http: /www.googlebot.com/bot.html" cnt="1" />
<item str="http: /help.yahoo.com/help/us/ysearch/slurp" cnt="1" />
<item str="http: /search.msn.com/msnbot.htm" cnt="1" />
<item str="Windows ME" cnt="1" />
<item str="Slurp cat" cnt="1" />
</month>
<month val="mar 2004" total="180">
<item str="Windows 2000" cnt="142" />
<item str="Windows 98" cnt="15" />
<item str="Windows ME" cnt="5" />
<item str="http: /help.yahoo.com/help/us/ysearch/slurp" cnt="3" />
<item str="Macintosh" cnt="3" />
<item str="compatible" cnt="2" />
<item str="crawler at trd dot overture dot com" cnt="2" />
<item str="Windows NT" cnt="2" />
<item str="http: /www.googlebot.com/bot.html" cnt="1" />
<item str="http: /www.nameprotect.com/botinfo.html" cnt="1" />
<item str="http: /www.kototoi.org/zao/" cnt="1" />
<item str="wn.zyborg@looksmart.net" cnt="1" />
</month>
<month val="may 2004" total="1410">
<item str="Windows 2000" cnt="1051" />
<item str="http: /help.yahoo.com/help/us/ysearch/slurp" cnt="82" />
<item str="http: /www.googlebot.com/bot.html" cnt="58" />
<item str="Windows 98" cnt="41" />
<item str="Windows ME" cnt="39" />
<item str="http: /search.msn.com/msnbot.htm" cnt="24" />
<item str="compatible" cnt="12" />
<item str="Macintosh" cnt="9" />
<item str="wn.zyborg@looksmart.net" cnt="5" />
<item str="Windows NT" cnt="5" />
<item str="http: /www.intelliseek.com" cnt="4" />
<item str="scirus-crawler@fast.no" cnt="1" />
</month>
<month val="jun 2004" total="831">
<item str="Windows 2000" cnt="579" />
<item str="http: /search.msn.com/msnbot.htm" cnt="76" />
<item str="http: /www.googlebot.com/bot.html" cnt="56" />
<item str="Windows 98" cnt="26" />
<item str="http: /help.yahoo.com/help/us/ysearch/slurp" cnt="21" />
<item str="robot-response@openfind.com.tw" cnt="14" />
<item str="Windows ME" cnt="11" />
<item str="compatible" cnt="8" />
<item str="Windows NT" cnt="4" />
<item str="Macintosh" cnt="2" />
<item str="scirus-crawler@fast.no" cnt="1" />
<item str="wn-1.zyborg@looksmart.net" cnt="1" />
<item str="http: /www.nameprotect.com/botinfo.html" cnt="1" />
</month>
<month val="jul 2004" total="141">
<item str="Windows 2000" cnt="62" />
<item str="http: /search.msn.com/msnbot.htm" cnt="34" />
<item str="http: /www.googlebot.com/bot.html" cnt="15" />
<item str="Macintosh" cnt="6" />
<item str="http: /help.yahoo.com/help/us/ysearch/slurp" cnt="5" />
<item str="Windows ME" cnt="3" />
<item str="Linux 2.2" cnt="2" />
<item str="Windows 95" cnt="2" />
<item str="scirus-crawler@fast.no" cnt="1" />
<item str="compatible" cnt="1" />
<item str="Windows 98" cnt="1" />
</month>
</usagedata>
