<?xml version="1.0" encoding="UTF-8"?>
<usagedata>
<month val="may 2004" total="36">
<item str="delbarton+logo&amp;ei=UTF-8&amp;n=20&amp;fl=0" cnt="2" />
<item str="10th grade requirements" cnt="2" />
<item str="&quot;Dr. Horton&quot;+&quot;music&quot;+&quot;Delbarton&quot;" cnt="2" />
<item str="delbarton placement test" cnt="1" />
<item str="3350B9D764280024718956C5131F087EEC80FE0B7E356394BB8E8111665632CC" cnt="1" />
<item str="delbarton+school++logo&amp;ei=UTF-8&amp;n=20&amp;fl=0" cnt="1" />
<item str="Physical Education &quot;9th grade&quot;" cnt="1" />
<item str="AP Spanish Lit Translations to English" cnt="1" />
<item str="german 9th grade education " cnt="1" />
<item str="9th grade algebra" cnt="1" />
<item str="summer English Tuition in NJ" cnt="1" />
<item str="delbarton school  tuition jersey" cnt="1" />
<item str="10th grade AP" cnt="1" />
<item str="10th grade chemistry" cnt="1" />
<item str="11th grade english problems" cnt="1" />
<item str="11th grade placement test" cnt="1" />
<item str="required courses for 10th grade" cnt="1" />
<item str="delbarton school department chair music" cnt="1" />
<item str="delbarton summer courses" cnt="1" />
<item str="Dr. Crane delbarton" cnt="1" />
<item str="9th grade geometry" cnt="1" />
<item str="what course to take for history in 11th grade" cnt="1" />
<item str="sat review course, nj" cnt="1" />
<item str="40533A4DAFD6114E4C5C651C47006E74C94002D509CAA2DB82ADB94432B2DE31" cnt="1" />
<item str="Delbarton Class of 2009" cnt="1" />
</month>
<month val="jun 2004" total="29">
<item str="algebra 2, summer, nj" cnt="2" />
<item str="TAKE 9TH GRADE ALGEBRA TEST" cnt="2" />
<item str="9th grade spanish" cnt="2" />
<item str="Advanced SAT courses for grades 7 8 9 10" cnt="1" />
<item str=" Course registration  for 7th grade" cnt="1" />
<item str="Spanish Proficiency 9th grade" cnt="1" />
<item str="40533A4DAFD6114ECE848D0CAB64FE64E36DFEDF42D3FF969E102AAD991F5C55" cnt="1" />
<item str="delbarton summer school chemistry" cnt="1" />
<item str="+trig +9th +grade" cnt="1" />
<item str="enrichment courses grades 5-8" cnt="1" />
<item str="0F2169B2F2B0FC38F544DC2FB2E926D3C6A9595E9B25A6758962B6226E64EB26" cnt="1" />
<item str="9th grade french language" cnt="1" />
<item str="10th grade chemistry" cnt="1" />
<item str="algebra +9th grade" cnt="1" />
<item str="delbarton school summer session" cnt="1" />
<item str="&quot;ENRICHMENT COURSES&quot; NEW JERSEY" cnt="1" />
<item str="10th grade courses" cnt="1" />
<item str="9th grade biology terms " cnt="1" />
<item str="delbarton summer courses" cnt="1" />
<item str="take SAT1 OF 2008" cnt="1" />
<item str="sat summer course nj" cnt="1" />
<item str="&quot;Chemistry&quot; +11th grade" cnt="1" />
<item str="writing summer, grade 6, nj" cnt="1" />
<item str="SAT review courses NJ" cnt="1" />
<item str="0F2169B2F2B0FC38CF356FB40793E418D1C0510EDB12D63F" cnt="1" />
</month>
<month val="jul 2004" total="4">
<item str="chemistry for 10th grade" cnt="1" />
<item str="delbarton  test 7th grade" cnt="1" />
<item str="Chemistry For 10th Grade" cnt="1" />
<item str="9th grade algebra II " cnt="1" />
</month>
</usagedata>
